ID,Nombre,Apellido,DNI,Email,Teléfono
1,Trinidad,Téllez,31234619K,pastoradolfo@valero.es,+34 736 03 52 16
2,Fulgencio,Lastra,25842946P,ines56@ribas-colom.com,+34 978 012 299
3,América,Galán,92009794Y,barcenabaudelio@saenz.net,+34 747 25 13 15
4,Félix,Marcos,56893328T,sansmartirio@osorio-andres.com,+34 711 52 21 81
5,Claudia,Acevedo,82847097C,samor@murillo-corral.es,+34708 285 303
6,Rico,Amor,52135875W,custodia92@amador.com,+34868 19 23 47
7,Loida,Ruiz,71035391J,qblanca@yahoo.com,+34894 195 590
8,Pablo,Múñiz,47983873F,rene94@gmail.com,+34995320847
9,Fortunato,Porras,37328297P,klasa@carrion-feijoo.com,+34711 14 44 30
10,Filomena,Alcaraz,37216584W,colomernadia@hotmail.com,+34 800 86 85 19
11,Ámbar,Hernando,82196398J,rolando58@gmail.com,+34740 010 518
12,Nacio,Mármol,52632765E,victorino25@hotmail.com,+34746 34 19 97
13,Amada,Arco,82200942M,friasmilagros@landa-borrell.com,+34743505009
14,Cloe,Lara,22918817Q,kcastell@yahoo.com,+34738 84 33 89
15,Francisco Jose,Barco,73478916H,julianaguilo@gmail.com,+34 916 18 54 28
16,Fátima,Carreras,74791343Y,bartolomebotella@losa.org,+34 726 096 894
17,Encarna,Bayona,61494264Q,elodiaizquierdo@yahoo.com,+34743 15 78 52
18,Encarna,Camps,83817839B,mparra@olmo.net,+34655 718 698
19,Juan Bautista,Ferrando,77951554M,alejandro70@hotmail.com,+34745692630
20,Vito,Guijarro,54974854K,barrigaamerica@cortina.org,+34709 00 42 05
21,Cándida,Rebollo,58101974L,npiquer@tejero-bayon.com,+34711230500
22,Fidel,Roma,63488074A,campsmacarena@gmail.com,+34 719714869
23,Reinaldo,Zurita,23941072J,teodoraestevez@llano-portillo.net,+34 692529263
24,Clemente,Menéndez,53466049F,valverdeclara@alcalde.es,+34 961 13 48 87
25,Eva,Torrijos,40148965Q,rosadoyesica@berenguer-burgos.es,+34 690404172
26,Gloria,Nicolau,87274499G,maria-angelesbustos@gmail.com,+34712 43 00 39
27,Nilda,Huguet,61837925Z,qcatala@lopez.es,+34733 873 284
28,Marcelo,Chico,66613952H,florescirino@aparicio-zapata.com,+34748 624 093
29,José Antonio,Benitez,62396612Q,estebanagapito@hotmail.com,+34707382978
30,Mario,Zorrilla,75778358L,olallavallejo@gmail.com,+34706 841 358
